{
  "results": [
    {
      "command": "./yo_c.sh 1e6",
      "mean": 0.03259040866733767,
      "stddev": 0.003832941993289182,
      "median": 0.032946869005000004,
      "user": 0.02484357175324675,
      "system": 0.0046235622727272725,
      "min": 0.028231779005000002,
      "max": 0.03988080200500001,
      "times": [
        0.034722378005,
        0.028411846005,
        0.033162343005,
        0.028737904005000005,
        0.03556903900500001,
        0.029448535005000002,
        0.034548357005,
        0.029269564005000002,
        0.03827382800500001,
        0.028231779005000002,
        0.038706261005000006,
        0.028665476005000006,
        0.031824984005,
        0.029034422005,
        0.036096210005000004,
        0.028653765005,
        0.033472653005000005,
        0.028902343005,
        0.034985870005,
        0.028279192005000005,
        0.03391798900500001,
        0.028957452005000005,
        0.036539820005,
        0.028449736005000007,
        0.037428217005,
        0.028323737005000005,
        0.03375019700500001,
        0.029144753005000006,
        0.033868308005,
        0.028239166005000007,
        0.03898388600500001,
        0.028606954005,
        0.037876519005,
        0.028913274005000007,
        0.03787644900500001,
        0.028724862005,
        0.033772413005,
        0.029178437005000005,
        0.033748081005,
        0.028646564005000003,
        0.034011212005,
        0.028809451005000004,
        0.035440712005,
        0.028350907005000005,
        0.032946869005000004,
        0.031323487005,
        0.03988080200500001,
        0.028655694005000006,
        0.038098557005000006,
        0.038567926005,
        0.03701415100500001,
        0.029002711005000004,
        0.03866921400500001,
        0.028606615005000006,
        0.033531195005,
        0.028883010005000005,
        0.034410089005000005,
        0.028643609005000004,
        0.034038281005000004,
        0.035215065005000004,
        0.038566979005,
        0.028448018005000002,
        0.03277508700500001,
        0.028979353005000003,
        0.03380886300500001,
        0.028460347005,
        0.036610927005,
        0.028306306005000007,
        0.03599930700500001,
        0.030183215005000003,
        0.037524133005,
        0.028849126005000007,
        0.037996051005,
        0.032928294005,
        0.03578882600500001,
        0.028282313005000007,
        0.037911202005000005
      ]
    },
    {
      "command": "./yo_rs.sh 1e6",
      "mean": 0.04572857473714287,
      "stddev": 0.002890803581109946,
      "median": 0.04500633650500001,
      "user": 0.03890828928571428,
      "system": 0.0037707814285714287,
      "min": 0.041753284005,
      "max": 0.053874962005,
      "times": [
        0.04908981100500001,
        0.04520389600500001,
        0.04314770100500001,
        0.04371900200500001,
        0.04483210600500001,
        0.048839696005,
        0.04406998300500001,
        0.041985295005000006,
        0.04393759800500001,
        0.04385265100500001,
        0.051597504005,
        0.045644774005,
        0.04448729400500001,
        0.047405399005,
        0.04412168700500001,
        0.047584661005,
        0.04719904100500001,
        0.047222175005000006,
        0.053874962005,
        0.04351342900500001,
        0.046323426005,
        0.04864884300500001,
        0.042292858005,
        0.04821151500500001,
        0.044861281005,
        0.04272767100500001,
        0.044565399005000006,
        0.043194550005,
        0.049178425005,
        0.045079145005,
        0.04236203300500001,
        0.043520233005000006,
        0.04272819800500001,
        0.051863458005,
        0.04571671100500001,
        0.04387874600500001,
        0.051706128005000004,
        0.04563202300500001,
        0.047418072005000006,
        0.046467406005,
        0.041753284005,
        0.047875296005,
        0.045898940005,
        0.046972895005,
        0.044987304005000006,
        0.04307435700500001,
        0.05220540200500001,
        0.045852428005,
        0.044588922005,
        0.044344546005,
        0.042749127005,
        0.04870642700500001,
        0.04502536900500001,
        0.041924853005,
        0.04497498600500001,
        0.042161263005000005
      ]
    },
    {
      "command": "./yo_go.sh 1e6",
      "mean": 0.04894901976970589,
      "stddev": 0.00403529873058888,
      "median": 0.04848609100500001,
      "user": 0.040231011274509815,
      "system": 0.005990109509803922,
      "min": 0.043329826005,
      "max": 0.05664893700500001,
      "times": [
        0.05436188900500001,
        0.04552811300500001,
        0.04364506900500001,
        0.049188280005,
        0.04749307300500001,
        0.04964631700500001,
        0.049986050005000005,
        0.04424154600500001,
        0.049664542005000006,
        0.04520924500500001,
        0.05385890600500001,
        0.049939195005000006,
        0.04626369100500001,
        0.04414448700500001,
        0.054001587005000004,
        0.04567578600500001,
        0.04946660700500001,
        0.05530686400500001,
        0.04539477900500001,
        0.05176613200500001,
        0.046350758005000006,
        0.043329826005,
        0.054131857005000006,
        0.047102130005000006,
        0.044000697005000006,
        0.050623717005,
        0.044516833005000006,
        0.053167873005000005,
        0.046885359005,
        0.05385176400500001,
        0.05664893700500001,
        0.045390807005000006,
        0.04401861500500001,
        0.04881369000500001,
        0.04482082900500001,
        0.048422611005000005,
        0.04848609100500001,
        0.054439604005,
        0.055628547005,
        0.054416001005000006,
        0.046023534005000005,
        0.051381866005,
        0.052294940005,
        0.04577476100500001,
        0.052357898005,
        0.04551329200500001,
        0.043987039005000006,
        0.05420757400500001,
        0.047339769005000004,
        0.043477761005000004,
        0.05421287000500001
      ]
    }
  ]
}
