{
  "results": [
    {
      "command": "./add_c.sh 1e6",
      "mean": 0.183708857125,
      "stddev": 0.004996375082508692,
      "median": 0.181892657325,
      "user": 0.17526720833333334,
      "system": 0.004753493333333334,
      "min": 0.178268071325,
      "max": 0.194692825325,
      "times": [
        0.194692825325,
        0.178268071325,
        0.179325272325,
        0.178764988325,
        0.189698598325,
        0.179840926325,
        0.18429715032500002,
        0.185953991325,
        0.181587084325,
        0.185454236325,
        0.18366495232500002,
        0.191710712325,
        0.181892657325,
        0.179779191325,
        0.180702199325
      ]
    },
    {
      "command": "./add_rs.sh 1e6",
      "mean": 0.21146732094038465,
      "stddev": 0.004915531403371573,
      "median": 0.211077292325,
      "user": 0.20245330576923076,
      "system": 0.005257852307692309,
      "min": 0.20331616532500002,
      "max": 0.219014187325,
      "times": [
        0.21560921232500002,
        0.21655722532500002,
        0.210136873325,
        0.217388984325,
        0.207635182325,
        0.211437821325,
        0.211077292325,
        0.207083858325,
        0.21544189832500002,
        0.20331616532500002,
        0.219014187325,
        0.207490602325,
        0.206885869325
      ]
    },
    {
      "command": "./add_go.sh 1e6",
      "mean": 4.558035712924999,
      "stddev": 0.022069318249062057,
      "median": 4.559049941824999,
      "user": 3.3552591749999996,
      "system": 1.29019476,
      "min": 4.513584552325,
      "max": 4.5980435183249995,
      "times": [
        4.537357423325,
        4.5686814213249995,
        4.513584552325,
        4.5980435183249995,
        4.558842088324999,
        4.559257795324999,
        4.554558401325,
        4.5539467523249995,
        4.572214530325,
        4.563870646324999
      ]
    }
  ]
}
