{
  "results": [
    {
      "command": "./surround_c.sh",
      "mean": 0.06679372932756099,
      "stddev": 0.002672366965458064,
      "median": 0.06676144923,
      "user": 0.053592208414634156,
      "system": 0.00937600524390244,
      "min": 0.06227686023,
      "max": 0.07441640023000001,
      "times": [
        0.06871170223,
        0.06315580723000001,
        0.06412553923000001,
        0.06980826023000002,
        0.06827037323000001,
        0.06421102123000001,
        0.06757236323000002,
        0.06749170523,
        0.06676144923,
        0.06728060923000001,
        0.06791900623000001,
        0.07197676623000002,
        0.06792654723000001,
        0.06398521423,
        0.06415385723000001,
        0.06531930823000001,
        0.06505456723000001,
        0.06512541523000001,
        0.07110027623000001,
        0.06384775423000001,
        0.06471246423000002,
        0.06418826723000001,
        0.06459841923000001,
        0.06968313723000001,
        0.06654490223000001,
        0.06714439523000001,
        0.06444681923000001,
        0.06659284323,
        0.06740389223000001,
        0.06659623823000001,
        0.06689020123000002,
        0.06728125123,
        0.07125269823000001,
        0.06931572523000001,
        0.06227686023,
        0.06430998123000001,
        0.06852049223000001,
        0.06321610323000001,
        0.06627322423000001,
        0.07441640023000001,
        0.06908104423000001
      ]
    },
    {
      "command": "./surround_rs.sh",
      "mean": 0.11068480634999998,
      "stddev": 0.004682577802995824,
      "median": 0.10974582923000001,
      "user": 0.099628905,
      "system": 0.0076759750000000015,
      "min": 0.10495791523000002,
      "max": 0.11930066523000002,
      "times": [
        0.11511936923000002,
        0.10580650423000001,
        0.10553110723000002,
        0.11870797423000001,
        0.10589577323000002,
        0.11175017123000001,
        0.10832554823000001,
        0.10762385423000001,
        0.11480575123000002,
        0.10495791523000002,
        0.10877454723000002,
        0.11583154123000002,
        0.10654328323000001,
        0.11101018423000002,
        0.11139123223000001,
        0.10660943623000001,
        0.11930066523000002,
        0.11100492023000001,
        0.10664881623000001,
        0.11730833823000002,
        0.10611988923000001,
        0.11552256223000001,
        0.10601047723000001,
        0.10974582923000001,
        0.11677446823000001
      ]
    },
    {
      "command": "./surround_go.sh",
      "mean": 1.14744244393,
      "stddev": 0.007099916485967906,
      "median": 1.14546815923,
      "user": 0.850290345,
      "system": 0.32246011500000005,
      "min": 1.13697199123,
      "max": 1.16266856523,
      "times": [
        1.14518354823,
        1.15403448323,
        1.16266856523,
        1.14464563023,
        1.1429314582299999,
        1.14279692623,
        1.1457527702299999,
        1.15030233823,
        1.14913672823,
        1.13697199123
      ]
    }
  ]
}
