{
  "results": [
    {
      "command": "./base.sh 1e6",
      "mean": 0.03446409101398551,
      "stddev": 0.0036797674432364007,
      "median": 0.034743690985000006,
      "user": 0.02678423144927536,
      "system": 0.004625793333333334,
      "min": 0.029735227985,
      "max": 0.042031955985,
      "times": [
        0.039146123985,
        0.030635338985000003,
        0.034904600985000006,
        0.031517379985,
        0.036021144985,
        0.03431190998500001,
        0.03967983998500001,
        0.030370599985000003,
        0.034474598985,
        0.031111740985000004,
        0.038393325985000004,
        0.030203723985,
        0.039908816985000005,
        0.030613064985,
        0.034743690985000006,
        0.029921915985000005,
        0.039914643985000005,
        0.030961039985,
        0.035731329985000004,
        0.031666408985000005,
        0.039020240985,
        0.030010215985000005,
        0.042031955985,
        0.035598726985,
        0.040203228985000006,
        0.030634360985000005,
        0.034872961985000006,
        0.030995319985000006,
        0.040416689985000004,
        0.030721086985000007,
        0.035416815985,
        0.030860464985000002,
        0.037771314985000005,
        0.032291120985000005,
        0.039378790985,
        0.029735227985,
        0.035143630985,
        0.032665544985,
        0.038953636985000005,
        0.030772267985000004,
        0.034795731985,
        0.030813861985000003,
        0.035505456985,
        0.031273231985000004,
        0.03931778398500001,
        0.032727625985,
        0.036041644985,
        0.030060987985000003,
        0.03833149298500001,
        0.041501238985,
        0.037201794985,
        0.030693351985000006,
        0.034935310985,
        0.030578173985000005,
        0.035677829985000006,
        0.030674958985,
        0.039502948985,
        0.031315390985000004,
        0.034277859985000006,
        0.031453380985,
        0.035295292985000004,
        0.030802611985000006,
        0.039269884985,
        0.030578566985000007,
        0.035373959985,
        0.030811065985000004,
        0.036422407985,
        0.031170365985000004,
        0.03989321698500001
      ]
    },
    {
      "command": "./series_c.sh 1e6",
      "mean": 0.034824610813125,
      "stddev": 0.0039112592458219195,
      "median": 0.033925185985,
      "user": 0.027244286249999992,
      "system": 0.004548163125,
      "min": 0.030138927985,
      "max": 0.043314127985000006,
      "times": [
        0.04232742498500001,
        0.031183086985000004,
        0.035318714985000006,
        0.030862170985000006,
        0.038703617985,
        0.031434366985000003,
        0.041330608985,
        0.030566254985000006,
        0.036602248985,
        0.031141583985000006,
        0.040923548985,
        0.031519329985000004,
        0.04019192898500001,
        0.031147562985000002,
        0.035891598985,
        0.030756372985000002,
        0.039164882985,
        0.030998382985000003,
        0.040440247985000004,
        0.032511546985,
        0.036995362985,
        0.034598659985,
        0.04293679298500001,
        0.032413524985000004,
        0.036330441985,
        0.033298029985000005,
        0.03875649598500001,
        0.032099782985000005,
        0.035472261985,
        0.030609606985000003,
        0.036641315985000006,
        0.032584644985,
        0.033519336985,
        0.030768448985000002,
        0.042623676985000004,
        0.034645907985,
        0.043314127985000006,
        0.032568984985,
        0.039027902985,
        0.031137185985000003,
        0.040306286985,
        0.031677465985,
        0.035531329985000006,
        0.030467338985000002,
        0.033743695985,
        0.030138927985,
        0.034132577985,
        0.033076753985000006,
        0.034106675985,
        0.030168246985,
        0.034609075985,
        0.032067835985,
        0.040671250985000004,
        0.030533241985,
        0.03527295598500001,
        0.031484212985,
        0.037612136985,
        0.031349998985,
        0.041215115985,
        0.030821980985000004,
        0.036962188985000005,
        0.033178380985000006,
        0.035231601985000006,
        0.031057833985000005
      ]
    },
    {
      "command": "./series_rs.sh 1e6",
      "mean": 0.037714325129927534,
      "stddev": 0.0037038628850362275,
      "median": 0.036665518985000006,
      "user": 0.029614115507246373,
      "system": 0.004441677391304348,
      "min": 0.03300978298500001,
      "max": 0.048556695985,
      "times": [
        0.039328133985000006,
        0.033103667985,
        0.042598691985000006,
        0.033395835985000004,
        0.037750911985,
        0.033916984985,
        0.042589260985,
        0.033175750985,
        0.04229668298500001,
        0.033312961985,
        0.042149371985,
        0.03300978298500001,
        0.039033221985000005,
        0.034134415985000006,
        0.042601435985000005,
        0.033420603985000005,
        0.040763497985,
        0.033810209985000006,
        0.039657009985000005,
        0.033323323985,
        0.044318921985,
        0.033640257985000005,
        0.048556695985,
        0.033994326985000003,
        0.040137479985,
        0.035832651985000005,
        0.037444884985,
        0.036409168985000004,
        0.041274413985,
        0.036420969985,
        0.034738543985,
        0.034477760985,
        0.042012415985,
        0.036239491985000004,
        0.040777308985,
        0.034467814985000005,
        0.036881852985000005,
        0.036435425985000006,
        0.038841522985,
        0.033945568985,
        0.043056828985000004,
        0.035002135985,
        0.043045373985,
        0.035503034985,
        0.03918751098500001,
        0.036017076985,
        0.04638345898500001,
        0.034732895985000005,
        0.03318817398500001,
        0.035015380985000004,
        0.038078573985,
        0.036353381985,
        0.039451423985000005,
        0.035218447985000005,
        0.040450230985,
        0.03366419498500001,
        0.043567213985000006,
        0.035818319985000006,
        0.04245067198500001,
        0.036665518985000006,
        0.038598306985000004,
        0.036324986985,
        0.037475120985000006,
        0.035381733985000004,
        0.038911881985,
        0.033902225985000006,
        0.041831371985000004,
        0.039285983985,
        0.037507730985
      ]
    },
    {
      "command": "./series_go.sh 1e6",
      "mean": 19.615548822985,
      "stddev": 0.09138494387476136,
      "median": 19.586186330985,
      "user": 13.66880003,
      "system": 6.25236436,
      "min": 19.533565285985002,
      "max": 19.853716282985,
      "times": [
        19.571896740985,
        19.597002697985,
        19.640388217985002,
        19.582699055985003,
        19.655118551985,
        19.548728733985,
        19.588949208985003,
        19.583423452985002,
        19.853716282985,
        19.533565285985002
      ]
    }
  ]
}
